-- Generation time: Sat, 02 May 2020 17:16:37 +0000
-- Host: mysql.hostinger.ro
-- DB name: u574849695_23
/*!40030 SET NAMES UTF8 */;
/*!40101 SET @OLD_CHARACTER_SET_CLIENT=@@CHARACTER_SET_CLIENT */;
/*!40101 SET @OLD_CHARACTER_SET_RESULTS=@@CHARACTER_SET_RESULTS */;
/*!40101 SET @OLD_COLLATION_CONNECTION=@@COLLATION_CONNECTION */;
/*!40103 SET @OLD_TIME_ZONE=@@TIME_ZONE */;
/*!40103 SET TIME_ZONE='+00:00' */;
/*!40014 SET @OLD_UNIQUE_CHECKS=@@UNIQUE_CHECKS, UNIQUE_CHECKS=0 */;
/*!40014 SET @OLD_FOREIGN_KEY_CHECKS=@@FOREIGN_KEY_CHECKS, FOREIGN_KEY_CHECKS=0 */;
/*!40101 SET @OLD_SQL_MODE=@@SQL_MODE, SQL_MODE='NO_AUTO_VALUE_ON_ZERO' */;
/*!40111 SET @OLD_SQL_NOTES=@@SQL_NOTES, SQL_NOTES=0 */;

DROP TABLE IF EXISTS `communities`;
CREATE TABLE `communities` (
  `id` bigint(20) unsigned NOT NULL AUTO_INCREMENT,
  `name` varchar(150) COLLATE utf8_unicode_ci DEFAULT NULL,
  PRIMARY KEY (`id`),
  KEY `communities_name_idx` (`name`)
) ENGINE=InnoDB AUTO_INCREMENT=101 DEFAULT CHARSET=utf8 COLLATE=utf8_unicode_ci;

INSERT INTO `communities` VALUES ('66','ad'),
('4','aliquam'),
('48','aspernatur'),
('64','aut'),
('97','aut'),
('46','autem'),
('7','beatae'),
('71','commodi'),
('45','corporis'),
('78','cumque'),
('50','deleniti'),
('29','deserunt'),
('62','distinctio'),
('30','dolor'),
('8','dolore'),
('23','dolore'),
('89','dolores'),
('92','ducimus'),
('56','ea'),
('27','eius'),
('95','eligendi'),
('17','enim'),
('98','enim'),
('70','eos'),
('79','error'),
('24','est'),
('51','est'),
('18','et'),
('22','et'),
('65','et'),
('96','et'),
('77','ex'),
('81','facere'),
('54','fugiat'),
('9','id'),
('37','id'),
('60','id'),
('87','id'),
('36','in'),
('88','in'),
('20','inventore'),
('38','ipsa'),
('39','ipsam'),
('80','iure'),
('19','laborum'),
('42','laborum'),
('1','magnam'),
('13','magni'),
('3','minus'),
('26','necessitatibus'),
('63','nihil'),
('93','nisi'),
('10','non'),
('61','non'),
('72','non'),
('6','numquam'),
('74','numquam'),
('67','occaecati'),
('5','odio'),
('28','odio'),
('2','omnis'),
('49','omnis'),
('68','omnis'),
('43','optio'),
('91','optio'),
('31','porro'),
('57','possimus'),
('82','possimus'),
('47','quasi'),
('32','qui'),
('100','qui'),
('16','quia'),
('34','quia'),
('59','quia'),
('94','quia'),
('73','quisquam'),
('41','ratione'),
('25','rem'),
('52','rerum'),
('84','rerum'),
('86','rerum'),
('44','sint'),
('76','sint'),
('55','sit'),
('90','sit'),
('33','sunt'),
('53','sunt'),
('58','tempore'),
('35','temporibus'),
('40','temporibus'),
('83','unde'),
('99','ut'),
('69','veniam'),
('11','voluptas'),
('21','voluptas'),
('75','voluptas'),
('85','voluptate'),
('12','voluptatem'),
('14','voluptatem'),
('15','voluptatibus'); 


DROP TABLE IF EXISTS `friend_requests`;
CREATE TABLE `friend_requests` (
  `initiator_user_id` bigint(20) unsigned NOT NULL,
  `target_user_id` bigint(20) unsigned NOT NULL,
  `status` enum('requested','approved','unfriended','declined') COLLATE utf8_unicode_ci DEFAULT NULL,
  `requested_at` datetime DEFAULT current_timestamp(),
  `confirmed_at` datetime DEFAULT NULL ON UPDATE current_timestamp(),
  PRIMARY KEY (`initiator_user_id`,`target_user_id`),
  KEY `target_user_id` (`target_user_id`),
  CONSTRAINT `friend_requests_ibfk_1` FOREIGN KEY (`initiator_user_id`) REFERENCES `users` (`id`),
  CONSTRAINT `friend_requests_ibfk_2` FOREIGN KEY (`target_user_id`) REFERENCES `users` (`id`)
) ENGINE=InnoDB DEFAULT CHARSET=utf8 COLLATE=utf8_unicode_ci;

INSERT INTO `friend_requests` VALUES ('1','1','requested','2005-08-16 20:56:32','2007-02-03 18:22:37'),
('2','2','declined','2000-03-27 08:21:54','2008-08-15 03:11:10'),
('3','3','requested','1979-02-23 20:35:32','1985-03-08 08:39:21'),
('4','4','unfriended','1994-03-25 16:47:41','1976-06-23 08:37:29'),
('5','5','approved','1995-08-11 15:52:25','1987-01-25 06:19:08'),
('6','6','declined','2015-08-09 22:10:34','2014-07-10 21:11:44'),
('7','7','requested','2001-05-07 18:12:17','1974-12-22 00:30:27'),
('8','8','declined','1983-08-21 04:35:33','1996-07-03 21:29:42'),
('9','9','approved','2001-06-19 12:19:30','1983-02-18 01:08:37'),
('10','10','requested','2004-07-31 07:52:39','2015-04-23 11:41:10'),
('11','11','unfriended','1998-02-09 14:11:24','1983-06-28 04:01:55'),
('12','12','unfriended','1987-06-15 09:11:17','1981-03-02 21:02:35'),
('13','13','unfriended','1998-05-10 15:35:13','2015-05-01 03:14:29'),
('14','14','approved','2020-01-01 12:56:48','1987-05-23 08:08:15'),
('15','15','approved','2010-04-26 05:15:23','1999-06-05 22:26:27'),
('16','16','unfriended','1998-10-17 19:47:26','1985-12-25 11:05:46'),
('17','17','requested','1976-06-10 09:24:11','1984-12-29 21:21:19'),
('18','18','unfriended','1979-11-20 20:03:46','2018-01-15 09:46:55'),
('19','19','declined','1978-07-04 14:44:05','2012-09-13 02:42:08'),
('20','20','approved','2005-02-01 07:13:38','1980-06-20 19:23:31'),
('21','21','requested','1974-02-10 03:49:55','1976-06-11 22:08:36'),
('22','22','approved','1985-10-16 18:22:27','1994-10-25 05:50:27'),
('23','23','approved','2000-06-01 07:47:31','2002-12-10 15:05:19'),
('24','24','unfriended','2005-06-13 12:25:23','1979-10-28 10:02:42'),
('25','25','requested','2000-01-16 20:54:10','1987-07-12 01:42:57'),
('26','26','declined','2009-11-15 17:19:25','1970-05-05 08:29:41'),
('27','27','requested','1974-05-16 03:03:12','1974-08-11 15:12:15'),
('28','28','approved','1988-06-07 23:56:44','1977-02-13 01:22:17'),
('29','29','unfriended','2000-01-27 10:59:40','1976-04-21 16:03:26'),
('30','30','approved','1991-04-05 08:24:04','1973-07-10 03:37:45'),
('31','31','approved','2006-01-15 05:09:05','2017-07-30 22:48:10'),
('32','32','declined','1996-06-28 14:38:10','1976-01-30 13:51:13'),
('33','33','approved','2007-06-06 19:56:25','2020-03-13 11:57:35'),
('34','34','requested','1979-01-22 14:30:52','2006-03-19 15:11:23'),
('35','35','approved','2003-09-21 00:24:21','2009-08-14 07:37:54'),
('36','36','declined','1985-12-17 00:01:41','2003-12-17 15:01:11'),
('37','37','unfriended','1982-07-27 06:45:06','1982-12-11 00:19:47'),
('38','38','declined','2020-01-26 03:28:32','2004-09-19 19:04:50'),
('39','39','unfriended','1974-12-04 20:38:32','2014-07-27 20:15:55'),
('40','40','unfriended','2005-06-30 03:47:24','1977-10-01 03:58:09'),
('41','41','unfriended','1990-06-01 22:52:06','2012-01-04 09:04:42'),
('42','42','approved','2018-01-10 21:59:46','2012-03-12 01:37:21'),
('43','43','unfriended','2013-06-14 16:58:33','2007-01-08 15:21:11'),
('44','44','declined','2012-04-27 12:15:10','1997-02-06 00:24:25'),
('45','45','unfriended','1986-03-31 20:38:02','2012-08-19 00:36:54'),
('46','46','unfriended','2007-03-18 07:03:26','2010-07-18 23:32:40'),
('47','47','requested','2003-10-06 07:58:02','2002-02-06 17:21:15'),
('48','48','requested','1984-02-21 05:10:00','1989-06-11 06:01:04'),
('49','49','declined','1973-10-21 23:54:56','1977-02-20 13:34:17'),
('50','50','approved','2003-08-03 16:33:25','1986-04-21 01:42:08'),
('51','51','requested','1976-02-10 05:53:41','1996-02-04 03:51:38'),
('52','52','declined','2007-05-20 14:28:22','1990-11-19 22:08:33'),
('53','53','declined','2019-05-01 23:46:37','1992-10-07 05:13:16'),
('54','54','requested','1983-09-11 07:15:15','1992-05-22 23:43:07'),
('55','55','requested','1996-06-16 18:08:32','2011-12-09 03:13:11'),
('56','56','approved','1988-01-28 16:06:38','2018-02-27 11:04:33'),
('57','57','unfriended','1981-06-30 18:20:42','1991-06-18 00:41:04'),
('58','58','requested','1988-01-16 19:01:40','1994-05-11 06:02:15'),
('59','59','unfriended','2017-12-11 13:55:25','1993-08-01 10:42:00'),
('60','60','requested','2011-11-19 06:04:26','1982-08-02 06:55:21'),
('61','61','approved','1985-04-16 21:07:35','1983-10-13 13:11:02'),
('62','62','declined','1998-09-13 00:52:20','2012-07-30 06:57:47'),
('63','63','unfriended','2016-01-31 11:01:11','1975-08-04 01:45:44'),
('64','64','approved','1976-12-01 19:25:54','1972-09-19 11:18:22'),
('65','65','unfriended','1979-11-03 22:49:16','1997-12-17 03:48:09'),
('66','66','unfriended','1991-03-22 02:49:29','1998-04-10 00:43:33'),
('67','67','requested','2015-03-30 13:07:53','2014-04-16 06:37:55'),
('68','68','unfriended','1996-02-29 13:27:57','2017-05-12 09:09:33'),
('69','69','approved','2019-08-05 03:10:34','1990-02-16 16:23:19'),
('70','70','unfriended','1990-01-22 14:41:39','2012-08-27 15:41:30'),
('71','71','approved','1996-07-08 11:18:43','1979-05-02 22:22:19'),
('72','72','unfriended','2009-01-03 19:07:44','1988-10-03 16:26:40'),
('73','73','approved','2013-04-14 16:43:13','1995-04-10 22:44:00'),
('74','74','declined','2010-09-08 03:12:00','1997-11-30 22:04:20'),
('75','75','approved','2015-01-22 21:22:21','2013-04-13 07:33:22'),
('76','76','approved','1982-08-16 10:59:09','2017-12-31 03:13:10'),
('77','77','approved','2010-08-30 16:24:35','1995-07-21 20:43:41'),
('78','78','requested','1991-03-13 09:43:59','2012-08-28 23:33:45'),
('79','79','requested','1985-03-19 14:55:45','1988-03-20 06:12:55'),
('80','80','unfriended','1990-12-31 04:24:11','1980-09-03 16:21:16'),
('81','81','unfriended','1978-06-29 05:26:20','1999-08-18 23:28:33'),
('82','82','approved','1991-01-12 07:01:06','1996-11-01 09:05:31'),
('83','83','unfriended','1984-06-23 17:58:40','1987-10-17 15:41:18'),
('84','84','requested','2019-02-18 09:20:57','1981-10-19 17:12:30'),
('85','85','declined','1982-08-17 07:02:31','1988-02-29 20:10:20'),
('86','86','unfriended','1985-05-09 13:27:18','2001-09-22 09:20:41'),
('87','87','unfriended','1983-11-19 11:37:07','1995-10-29 13:01:06'),
('88','88','unfriended','1992-07-08 08:45:44','1980-10-18 05:20:08'),
('89','89','approved','1981-12-30 16:41:06','1983-07-01 04:32:54'),
('90','90','declined','2011-04-19 01:31:44','2016-11-27 15:31:23'),
('91','91','unfriended','1999-08-30 23:24:33','2019-09-18 22:22:17'),
('92','92','declined','1978-08-07 12:01:12','2006-11-11 08:04:11'),
('93','93','unfriended','2018-12-08 03:40:28','2018-08-03 06:41:13'),
('94','94','declined','1978-08-02 17:18:18','1977-09-01 16:44:26'),
('95','95','unfriended','2008-01-17 00:14:03','1982-07-20 05:21:54'),
('96','96','unfriended','2017-11-15 19:42:28','1998-03-24 08:14:21'),
('97','97','approved','1970-12-19 04:38:56','1978-08-16 11:28:35'),
('98','98','approved','2017-01-02 11:47:30','2003-02-01 19:23:16'),
('99','99','declined','1988-08-29 20:46:45','2018-03-30 03:47:09'),
('100','100','approved','2014-11-02 02:32:19','1972-09-27 04:20:38'); 


DROP TABLE IF EXISTS `likes`;
CREATE TABLE `likes` (
  `id` bigint(20) unsigned NOT NULL AUTO_INCREMENT,
  `user_id` bigint(20) unsigned NOT NULL,
  `media_id` bigint(20) unsigned NOT NULL,
  `created_at` datetime DEFAULT current_timestamp(),
  PRIMARY KEY (`id`)
) ENGINE=InnoDB AUTO_INCREMENT=101 DEFAULT CHARSET=utf8 COLLATE=utf8_unicode_ci;

INSERT INTO `likes` VALUES ('1','1','1','1983-05-14 06:04:14'),
('2','2','2','2000-08-11 11:27:19'),
('3','3','3','2017-10-31 12:15:19'),
('4','4','4','1980-02-18 11:18:38'),
('5','5','5','2008-08-03 06:26:07'),
('6','6','6','1984-11-02 13:32:44'),
('7','7','7','2004-06-15 02:58:43'),
('8','8','8','1985-09-07 00:51:18'),
('9','9','9','1998-06-10 18:26:26'),
('10','10','10','2018-12-20 23:26:55'),
('11','11','11','1988-04-09 06:29:36'),
('12','12','12','1970-10-23 04:50:48'),
('13','13','13','1996-03-15 19:01:11'),
('14','14','14','1998-05-04 19:38:28'),
('15','15','15','1971-12-26 04:12:22'),
('16','16','16','1990-12-09 00:56:12'),
('17','17','17','2015-01-17 09:08:26'),
('18','18','18','2016-06-16 08:39:40'),
('19','19','19','1972-03-13 09:14:12'),
('20','20','20','1977-07-17 08:21:50'),
('21','21','21','1991-06-06 16:26:01'),
('22','22','22','2004-02-12 22:13:05'),
('23','23','23','2003-08-01 02:25:05'),
('24','24','24','2001-12-31 12:11:30'),
('25','25','25','2012-03-11 22:15:47'),
('26','26','26','2011-10-13 11:04:19'),
('27','27','27','1972-11-04 14:52:19'),
('28','28','28','2013-03-08 17:44:07'),
('29','29','29','2005-11-22 08:07:12'),
('30','30','30','1996-10-14 21:30:30'),
('31','31','31','1984-11-04 15:48:29'),
('32','32','32','1971-04-07 18:17:46'),
('33','33','33','1985-08-22 05:10:33'),
('34','34','34','2018-12-07 16:42:55'),
('35','35','35','1972-12-20 18:58:00'),
('36','36','36','1980-12-04 11:15:07'),
('37','37','37','1984-12-29 20:25:25'),
('38','38','38','2013-02-07 18:16:58'),
('39','39','39','1998-10-23 01:08:30'),
('40','40','40','1981-04-03 00:52:39'),
('41','41','41','2002-08-03 23:29:42'),
('42','42','42','1996-05-04 00:10:21'),
('43','43','43','1988-07-05 14:49:56'),
('44','44','44','1985-09-29 22:35:38'),
('45','45','45','1983-04-02 14:18:09'),
('46','46','46','2000-07-14 22:56:16'),
('47','47','47','1989-12-12 23:30:24'),
('48','48','48','2013-10-10 18:38:50'),
('49','49','49','1974-06-22 10:07:51'),
('50','50','50','2018-07-03 11:15:26'),
('51','51','51','1995-03-27 15:48:07'),
('52','52','52','1982-01-08 01:13:46'),
('53','53','53','2001-02-04 08:33:27'),
('54','54','54','1972-10-01 15:17:00'),
('55','55','55','2017-08-22 12:19:17'),
('56','56','56','1985-01-18 10:24:11'),
('57','57','57','1976-07-06 18:14:59'),
('58','58','58','2009-08-30 23:59:49'),
('59','59','59','1977-07-15 22:03:10'),
('60','60','60','2013-01-08 10:08:10'),
('61','61','61','1993-07-22 11:53:40'),
('62','62','62','2019-06-22 18:11:10'),
('63','63','63','1972-12-24 06:48:51'),
('64','64','64','2014-05-14 22:58:26'),
('65','65','65','2002-05-20 04:25:56'),
('66','66','66','1996-07-04 08:02:06'),
('67','67','67','1986-03-17 08:17:09'),
('68','68','68','1988-06-21 15:52:44'),
('69','69','69','2015-07-07 01:53:38'),
('70','70','70','1991-10-27 07:01:35'),
('71','71','71','2016-10-24 00:42:16'),
('72','72','72','2018-03-15 01:38:43'),
('73','73','73','2017-01-31 03:24:00'),
('74','74','74','1976-09-16 03:26:32'),
('75','75','75','1995-04-08 20:56:13'),
('76','76','76','2011-11-20 12:28:53'),
('77','77','77','1987-07-24 16:34:35'),
('78','78','78','1984-04-19 22:54:55'),
('79','79','79','1974-01-13 07:05:28'),
('80','80','80','1993-05-01 05:23:54'),
('81','81','81','1992-10-29 05:26:05'),
('82','82','82','2012-02-01 00:40:54'),
('83','83','83','1981-02-02 05:14:43'),
('84','84','84','1977-09-05 13:03:48'),
('85','85','85','2010-01-14 10:40:38'),
('86','86','86','2001-06-18 06:43:48'),
('87','87','87','2014-03-03 01:10:44'),
('88','88','88','2016-12-16 10:40:47'),
('89','89','89','1992-02-09 04:20:15'),
('90','90','90','2003-02-07 10:10:03'),
('91','91','91','1973-02-17 23:17:04'),
('92','92','92','1983-08-31 19:00:35'),
('93','93','93','1998-05-15 19:57:23'),
('94','94','94','2015-09-06 00:00:40'),
('95','95','95','1978-11-28 09:37:13'),
('96','96','96','2000-09-14 14:11:44'),
('97','97','97','2007-03-16 07:33:57'),
('98','98','98','2001-03-11 18:11:31'),
('99','99','99','1973-11-23 15:59:23'),
('100','100','100','1997-05-18 21:13:07'); 


DROP TABLE IF EXISTS `media`;
CREATE TABLE `media` (
  `id` bigint(20) unsigned NOT NULL AUTO_INCREMENT,
  `media_type_id` bigint(20) unsigned NOT NULL,
  `user_id` bigint(20) unsigned NOT NULL,
  `body` text COLLATE utf8_unicode_ci DEFAULT NULL,
  `filename` varchar(255) COLLATE utf8_unicode_ci DEFAULT NULL,
  `size` int(11) DEFAULT NULL,
  `metadata` longtext CHARACTER SET utf8mb4 COLLATE utf8mb4_bin DEFAULT NULL,
  `created_at` datetime DEFAULT current_timestamp(),
  `updated_at` datetime DEFAULT current_timestamp() ON UPDATE current_timestamp(),
  PRIMARY KEY (`id`),
  KEY `user_id` (`user_id`),
  KEY `media_type_id` (`media_type_id`),
  CONSTRAINT `media_ibfk_1` FOREIGN KEY (`user_id`) REFERENCES `users` (`id`),
  CONSTRAINT `media_ibfk_2` FOREIGN KEY (`media_type_id`) REFERENCES `media_types` (`id`)
) ENGINE=InnoDB AUTO_INCREMENT=101 DEFAULT CHARSET=utf8 COLLATE=utf8_unicode_ci;

INSERT INTO `media` VALUES ('1','1','1','Ut veniam rerum quo dicta et. Nesciunt ut odio voluptas vitae perspiciatis nam. Consequatur adipisci beatae sit et. Consequatur corrupti quia inventore et. Ipsa quasi sequi temporibus quod fugit aut.','repellat','5785918',NULL,'1994-04-13 05:33:32','1979-03-30 00:44:35'),
('2','2','2','Amet sit et recusandae enim ab rerum. Omnis quidem tempora sit libero. Et dolorum commodi qui vitae aut est.','aliquid','519827086',NULL,'1990-12-16 15:58:47','1977-12-07 06:43:38'),
('3','3','3','Inventore autem voluptatum deserunt enim sed. Qui veniam corrupti quam repudiandae. Quia possimus veritatis et ab tenetur magnam. Sed quis necessitatibus consectetur ipsa id eos.','enim','1638832',NULL,'1980-01-26 21:09:46','1999-04-08 07:20:45'),
('4','4','4','Accusantium commodi dolor et qui pariatur et. Ut quia magnam impedit vero.','ut','38',NULL,'2006-07-30 21:48:27','2018-02-08 03:41:43'),
('5','5','5','Sed voluptatem eos exercitationem eaque fuga dolorem sunt. Saepe vitae aperiam quos deleniti. Quia similique consequatur aut veritatis. Aut ea assumenda illum repellendus est.','suscipit','25',NULL,'1983-11-10 01:23:37','1973-11-16 21:47:57'),
('6','1','6','Molestiae ducimus vel animi similique ut. Sequi nemo tempora est nobis. Et qui praesentium est omnis. Quidem unde rerum voluptatibus debitis vitae.','esse','732',NULL,'2003-12-21 22:53:39','2017-06-10 01:13:36'),
('7','2','7','Alias dolorum exercitationem eveniet autem eveniet id. Quas hic est velit quia laborum explicabo.','deserunt','0',NULL,'1994-09-05 14:50:02','1993-12-07 06:27:41'),
('8','3','8','Ipsa tenetur reiciendis unde provident et facere. Molestias maxime nihil hic nihil accusantium hic. Ab et aut maiores odio qui debitis. Ut omnis repellendus veritatis et.','qui','71',NULL,'1975-03-23 17:34:10','1993-01-19 20:35:11'),
('9','4','9','Et doloribus inventore architecto fugiat esse. Voluptas eaque et unde ut eveniet similique incidunt aut. Inventore suscipit asperiores minus aspernatur pariatur exercitationem. Aut voluptatem quia veritatis molestiae cum.','inventore','405',NULL,'1985-01-28 05:25:55','2016-12-27 01:59:59'),
('10','5','10','Omnis et cum aut recusandae et consequuntur. Perspiciatis et magnam qui ex. Officiis in magni voluptatem necessitatibus sint. Non et velit id quia.','est','911895362',NULL,'2019-08-05 01:14:34','2015-01-09 23:00:02'),
('11','1','11','Quibusdam dolor ullam voluptas nam. Officiis est amet nesciunt modi sed eligendi consectetur. Et cumque voluptates et.','sed','9827867',NULL,'2020-03-16 18:27:27','1972-02-17 04:03:25'),
('12','2','12','Itaque voluptas veniam est ipsam. Id omnis minus eaque nihil in tempora. Necessitatibus voluptas vitae architecto. Velit voluptas veniam beatae sapiente expedita soluta qui.','ratione','6261611',NULL,'2001-03-31 14:05:24','1992-05-02 15:51:26'),
('13','3','13','Dolor et neque voluptatem quas. Vitae ut quo nihil consequatur ea eum voluptatem.','autem','232',NULL,'2016-07-06 17:41:14','1999-03-17 19:28:40'),
('14','4','14','Vel dolores est sint incidunt. Et aut aliquid cumque eos a non. Quas expedita cum adipisci qui. Assumenda maiores consequatur earum.','dolorem','27980',NULL,'1980-10-19 07:33:55','1982-03-31 10:14:43'),
('15','5','15','Explicabo iure quidem non quibusdam aspernatur maxime id. Autem eveniet modi error officia.','quos','103',NULL,'1988-09-10 20:34:11','2014-04-26 22:14:26'),
('16','1','16','Minus amet est in iure. Id ut voluptas aliquid velit. Numquam eius repellendus fuga eligendi voluptate architecto sint similique.','sunt','150390950',NULL,'1981-01-01 02:57:04','1971-06-28 13:20:57'),
('17','2','17','In qui voluptas omnis molestiae minus quia eos. Rerum esse est saepe architecto qui ratione ut illum. Explicabo eaque autem qui tempora culpa quos. Incidunt similique delectus voluptatem recusandae nulla.','autem','10149',NULL,'1975-02-20 04:25:20','1993-08-22 09:57:50'),
('18','3','18','Quas quis harum earum fugit id soluta et eligendi. Possimus id minus sunt ut laudantium est. Blanditiis odio voluptatem eos sint consequatur autem molestiae. Porro rerum illo facere eligendi officia non illum.','ut','959304',NULL,'1970-11-06 15:51:50','1993-10-09 19:06:17'),
('19','4','19','Corporis rerum voluptatibus molestiae voluptatem. Facere earum recusandae aliquam inventore voluptatem. Error facere ab ut voluptas dolorum.','a','3',NULL,'2012-10-08 08:51:36','1983-09-30 15:34:11'),
('20','5','20','Expedita est accusantium omnis unde temporibus magni. Deleniti iste assumenda omnis molestias sit sunt. Quia eum aut harum aliquid alias quidem iure libero.','explicabo','8813',NULL,'1979-10-16 16:51:53','2003-08-31 09:52:07'),
('21','1','21','Molestiae quibusdam sit blanditiis non delectus id debitis repellendus. Molestiae dicta officiis animi. Est in porro aperiam aut sunt sunt eum maiores.','voluptatem','4222529',NULL,'1982-10-11 10:07:02','1972-06-13 20:40:18'),
('22','2','22','Voluptas quisquam molestiae quis. Eum aut sit molestiae molestias. Aut dolores sunt facilis tempore.','autem','962620',NULL,'2017-03-26 17:12:22','1984-01-14 03:47:28'),
('23','3','23','Quo odit neque sapiente vel occaecati. Sed sunt assumenda facilis aspernatur. Nulla modi id et corporis maiores.','cumque','9',NULL,'2007-02-26 23:19:13','1995-05-08 10:09:52'),
('24','4','24','Quia officia animi sed saepe voluptatem. Iste fugiat similique dignissimos doloribus perferendis debitis commodi. Fuga illum voluptates voluptatibus quis nesciunt ut.','eos','5',NULL,'2015-07-28 21:44:10','2005-02-14 14:51:03'),
('25','5','25','Enim reiciendis praesentium voluptas aut adipisci accusamus veritatis. Ut sit quibusdam non similique iure. Voluptatem ea occaecati sit in qui. Doloremque a molestias suscipit blanditiis.','ex','0',NULL,'2010-07-17 14:50:41','1984-03-30 02:17:42'),
('26','1','26','Non quis aut iure dolorem. Sequi expedita magnam reiciendis aperiam nobis et consequatur non. In omnis unde exercitationem. Molestiae sit quo officia corporis ad error.','ut','998765',NULL,'1971-05-16 12:24:49','1989-06-19 17:18:43'),
('27','2','27','Ipsa est veritatis expedita maiores. Libero et earum perferendis totam rem.','et','877',NULL,'1997-02-17 09:19:20','1977-09-26 05:27:01'),
('28','3','28','Impedit accusamus nulla quis. Eos commodi odio temporibus sunt sed iure qui. Occaecati velit qui fuga.','ipsam','37',NULL,'1979-03-13 06:04:55','1978-02-24 03:53:39'),
('29','4','29','Ut officia cupiditate ipsum officia. Error et illo ut saepe rerum rerum. Ea repellat expedita enim enim quidem.','nesciunt','150788',NULL,'1978-06-29 23:25:52','1990-10-29 14:02:59'),
('30','5','30','Sequi unde qui molestias ipsum omnis non doloribus. Eum fugiat porro repellat. Consequatur quam a consectetur magni qui nostrum. Non non optio quam aut.','enim','76792894',NULL,'1970-03-25 18:58:43','1970-06-27 23:58:25'),
('31','1','31','Dolor rerum enim ea ab doloremque quos saepe. Harum molestias velit quis molestiae minima voluptates error. Qui aliquam eum error delectus magni.','dolorem','559944',NULL,'2000-10-29 17:28:32','1971-12-29 03:22:49'),
('32','2','32','Iure deserunt iure cupiditate delectus quis quo. Ut ducimus molestiae odit. Ut consectetur voluptatibus expedita quia iste. Voluptatum fugiat vero a voluptas esse repellendus. Perspiciatis corrupti laboriosam eligendi animi incidunt.','dignissimos','61',NULL,'1981-08-03 14:45:32','2008-12-16 04:59:28'),
('33','3','33','Assumenda consequuntur in sapiente illum. Asperiores autem odit enim recusandae sit ex sequi. Excepturi ut facere rerum qui corporis.','et','3217',NULL,'1984-10-16 02:49:14','1976-02-16 23:44:00'),
('34','4','34','Cupiditate dignissimos quia sed et ad sint. Quidem repellat quas quidem sapiente. Cum perferendis earum labore voluptatem laudantium molestiae. Mollitia temporibus unde ullam veniam.','deserunt','371',NULL,'1985-05-06 17:53:56','2005-05-20 16:45:02'),
('35','5','35','Animi in consectetur quis est similique nihil nulla. Qui dignissimos aspernatur ut dolorem. Fugiat cumque non et voluptatum sit.','laboriosam','6790',NULL,'1999-12-31 10:19:29','2006-04-21 23:10:18'),
('36','1','36','Rerum minus maxime rem alias. Temporibus id cupiditate officiis voluptatem omnis quidem totam veritatis. Harum incidunt atque quis ea doloribus est perspiciatis. Adipisci non accusamus dolor eum in culpa.','sint','29',NULL,'1988-04-06 15:13:24','2011-12-19 04:50:03'),
('37','2','37','Sit dolorem sunt asperiores. Quia quia id modi. Repudiandae tempora corporis et non est.','animi','9391055',NULL,'2017-11-15 06:21:04','1971-12-01 20:57:00'),
('38','3','38','Dolores ea nisi repudiandae. Omnis dolor magni neque. Voluptatem placeat commodi qui reiciendis et officiis.','iste','193516',NULL,'1983-02-20 07:59:27','1987-04-26 02:08:51'),
('39','4','39','Est cupiditate dolores enim nulla tenetur. Nulla facilis id aut quidem. Tempore voluptatem vero nemo commodi. Esse qui voluptatem maiores quam est similique modi.','dolor','489206659',NULL,'1976-09-16 17:31:45','1980-11-20 01:53:17'),
('40','5','40','Sunt et voluptatem autem. Expedita sunt nihil nesciunt aspernatur vero voluptatum. Eos iste sit eum libero nulla occaecati consequatur ipsum. Sapiente quae velit consequatur maxime autem accusantium.','quo','946170779',NULL,'1982-10-07 23:17:39','2016-06-24 13:16:42'),
('41','1','41','Asperiores libero blanditiis quia cumque sint voluptas dolores. Esse voluptatum architecto exercitationem possimus quo. Laborum et et rerum et.','velit','99',NULL,'1978-09-06 00:55:53','1970-06-30 21:45:53'),
('42','2','42','Repellendus ullam nemo odit mollitia eum. Labore porro nihil dolores adipisci sequi labore. Ipsam deserunt ipsam nihil. Cupiditate ipsum quod quia.','corporis','22',NULL,'2017-12-04 12:15:28','1979-05-17 17:09:51'),
('43','3','43','Iusto velit dignissimos nihil fugit ratione velit dolorem. Eveniet et distinctio porro amet eaque. Qui est aut doloremque excepturi aut temporibus. Voluptatem eum quibusdam et.','accusamus','622',NULL,'1985-02-12 23:56:43','1986-10-21 19:13:39'),
('44','4','44','Qui nulla exercitationem ea eum eius. Voluptatibus quia quibusdam repellendus aut harum quis quaerat. Eum nam expedita quos repellendus voluptatem.','sed','0',NULL,'1976-08-12 04:33:20','2005-01-31 07:58:54'),
('45','5','45','Voluptas blanditiis qui velit sapiente tenetur corporis est et. Tempore voluptas rerum quasi alias aut qui voluptatem.','laboriosam','416',NULL,'1991-07-24 09:37:14','1987-09-05 11:04:36'),
('46','1','46','Quod a aspernatur eum sit animi ipsam. Deserunt quos vitae ullam sunt. Maxime et qui fugiat vero odit nulla. Nisi excepturi error aut non voluptatum autem.','pariatur','0',NULL,'1994-10-18 01:55:14','2019-05-25 13:46:20'),
('47','2','47','Aut ut eligendi quia nostrum ex possimus itaque. Est autem a quo in et velit in. Ut nulla sequi aliquam sint. Dolorem expedita eos consequatur optio beatae laborum illum et.','dolores','147',NULL,'1984-01-29 21:34:00','1988-09-12 17:18:00'),
('48','3','48','Minima dolorum sit recusandae et molestiae occaecati laborum quia. Tempore vel quae dolor sed aliquam. Corrupti officiis aut non mollitia. Dolor culpa nam quaerat et cupiditate et tempora id. Unde impedit quam natus nemo quia ut.','nobis','573994',NULL,'1971-11-27 20:04:23','1972-09-09 02:13:42'),
('49','4','49','Dolorum libero occaecati sint consequatur dolores exercitationem. Error exercitationem voluptatum beatae non odio aut.','unde','8724',NULL,'2019-12-26 21:11:33','1993-09-23 14:05:24'),
('50','5','50','Ea in quisquam architecto qui et blanditiis facere. Quia perspiciatis harum voluptatem non voluptatem. Eos vel rerum nobis iste.','dolores','0',NULL,'1988-12-31 11:15:10','2014-07-30 16:53:28'),
('51','1','51','Suscipit dolorum quidem odio error nostrum provident enim. Qui laborum vitae adipisci nemo dolores ex. Illo esse non saepe rem quia ea reiciendis.','beatae','43358',NULL,'1981-01-09 17:43:49','1979-08-22 15:47:00'),
('52','2','52','Animi quos accusantium vitae. Voluptates et ratione sequi aliquam dolor quam aut. Enim molestiae aut fugit consequatur quo voluptatibus incidunt. Qui qui tempore optio voluptate.','ullam','5507819',NULL,'1987-06-25 15:00:11','1994-12-17 14:09:06'),
('53','3','53','Reiciendis dicta odio eius omnis doloremque nemo. Et quis repudiandae temporibus unde pariatur assumenda ab. Temporibus aliquam saepe iste ut. Enim quasi aut reiciendis facilis dolorem.','provident','314585',NULL,'2004-02-23 01:22:20','2010-04-02 18:54:31'),
('54','4','54','Odio consectetur repellendus veniam suscipit optio omnis. Quam sint dolores accusamus quo earum autem placeat. Odio nemo qui sit earum omnis quaerat dolorum.','nesciunt','900877',NULL,'1991-08-15 06:03:03','1999-07-11 06:56:22'),
('55','5','55','Non odio soluta dolorum nobis hic ab nostrum. Odio commodi necessitatibus voluptatem. Ut rem et omnis est mollitia.','eligendi','806482460',NULL,'1974-12-22 18:21:44','2015-02-09 12:08:12'),
('56','1','56','Eum sit tenetur unde officia eaque eaque. Perferendis exercitationem vel et voluptatem. Harum eligendi molestias eum enim quidem.','quibusdam','864',NULL,'1972-09-27 14:56:25','1992-05-11 20:54:24'),
('57','2','57','Fuga molestiae rerum mollitia rerum. Est quidem ut amet sint doloremque commodi amet. Qui earum dolores repudiandae ullam debitis.','dolor','0',NULL,'1984-04-29 23:45:18','2005-11-15 21:51:01'),
('58','3','58','Nisi est nulla cum autem libero occaecati culpa. Et consectetur eaque et quo quas. Mollitia eos ut incidunt quia.','in','506925',NULL,'2000-01-04 07:58:34','1986-02-14 07:48:45'),
('59','4','59','Incidunt aperiam dolores dolor qui facere. Assumenda perferendis sit molestiae nam ea. Earum eos cumque minima unde vitae reprehenderit. Vel modi voluptates atque est ipsa autem qui optio.','nesciunt','0',NULL,'1996-06-12 03:08:16','2009-08-29 22:20:10'),
('60','5','60','Atque numquam maxime quia quod magni saepe sed ea. Ab nulla dolores vitae et et modi qui. Dicta in quidem ut totam dolore ut rerum quis. Natus est voluptatum enim fugit. Molestiae quia non voluptatem eum.','dolor','866783',NULL,'1994-06-15 18:16:13','2001-06-21 15:44:26'),
('61','1','61','Dolor soluta provident a eius. Dolorum maiores qui odio beatae eum sit. Voluptate rerum blanditiis totam accusamus sit.','qui','1232043',NULL,'1984-12-08 12:00:29','1979-01-09 16:33:01'),
('62','2','62','Et delectus voluptate qui et quidem. Dolore et explicabo quisquam velit. Commodi rerum provident esse illum. Aliquam nam ducimus rem non nihil inventore. Animi iusto natus aspernatur provident omnis deserunt deserunt.','quaerat','905919946',NULL,'2009-01-08 06:34:05','1991-12-12 10:23:39'),
('63','3','63','Ut possimus et nostrum. Sit iure eum fugiat perspiciatis. Dolores inventore qui neque non. Neque quia voluptatum aut esse voluptates dolorum.','est','7466785',NULL,'1992-12-08 16:00:49','1978-10-11 04:15:28'),
('64','4','64','Asperiores corrupti fugit consequatur fugit. Repellendus qui assumenda modi illo.','in','481',NULL,'1977-10-24 21:37:19','1997-02-14 04:54:22'),
('65','5','65','Vel consequuntur et minima est ipsam. Sint vel voluptas doloremque odio nihil. Nihil aliquid et laudantium aliquam.','delectus','0',NULL,'2017-05-06 21:12:53','1972-06-10 03:46:32'),
('66','1','66','Ea eligendi illum occaecati velit praesentium quas. Ipsa facilis architecto suscipit ut et molestiae qui dignissimos. Aliquam architecto quia nihil beatae autem sed quod numquam.','enim','862089',NULL,'1972-03-24 00:58:48','1971-03-01 00:00:24'),
('67','2','67','Similique voluptatem necessitatibus incidunt veritatis. Pariatur itaque cum eos laboriosam. Inventore repellat veniam voluptates consequuntur deleniti ex. Sint enim possimus esse.','sed','7',NULL,'1973-11-11 12:10:19','1979-01-15 02:27:11'),
('68','3','68','Quo autem magnam tempora vero beatae mollitia. Ipsa culpa nam veniam praesentium molestiae perspiciatis dicta. Repellendus qui soluta ut totam reiciendis natus. Ut atque itaque dolore sed.','nam','198317',NULL,'1978-08-23 09:30:15','2014-07-21 07:56:07'),
('69','4','69','Hic vero voluptas eaque. Dignissimos natus molestiae amet.','quo','315',NULL,'1972-07-01 09:30:36','2019-07-19 08:08:46'),
('70','5','70','Nobis dolorem qui omnis sed sunt ipsum sit. Consequatur veniam ex aliquam et.','maxime','5651',NULL,'2001-09-06 21:39:38','1991-10-24 21:59:05'),
('71','1','71','Consequatur voluptas eum eos et minus. Nihil qui omnis esse quis eum. Qui nihil at qui sed.','aperiam','486148',NULL,'1970-01-11 19:05:02','2001-01-05 05:39:46'),
('72','2','72','Nihil excepturi et eos expedita. Occaecati cum nihil voluptates voluptate. Delectus vero neque iure natus doloremque odit voluptate.','ut','8849',NULL,'1989-04-13 18:57:12','2003-11-02 16:58:24'),
('73','3','73','Recusandae quod qui libero eaque. Ullam excepturi illum ipsam eos autem quasi perspiciatis laborum. Ullam repellendus ullam at dolorem explicabo repellendus et.','natus','0',NULL,'2009-10-04 21:43:54','1976-07-16 14:20:43'),
('74','4','74','Et eligendi temporibus aliquam sunt ipsam autem. Cumque id eos ut voluptatibus incidunt sed. Veritatis nihil reiciendis adipisci vitae. Est earum quidem sint modi eligendi.','ut','851251',NULL,'1985-01-08 17:32:38','1971-10-28 21:23:10'),
('75','5','75','Cum assumenda magnam laboriosam vel eaque iste. Porro doloribus fuga ipsa aut velit. Saepe facilis sequi molestiae officia iste sunt.','aut','16840',NULL,'1974-09-27 19:51:06','1975-07-28 06:40:46'),
('76','1','76','Amet recusandae quis est quia omnis. Minus iusto veritatis deserunt maxime.','at','674137673',NULL,'1995-08-15 22:49:12','1970-07-03 18:15:09'),
('77','2','77','Incidunt distinctio veniam nihil ullam voluptas. Sapiente omnis alias sed voluptatem maiores distinctio. Vitae mollitia nostrum nihil ut ut omnis sed. Nesciunt repudiandae itaque et non illum.','maxime','0',NULL,'2006-04-25 09:56:51','2007-06-28 08:16:01'),
('78','3','78','Non dolores aliquid laboriosam magnam. Deserunt quaerat officiis est consectetur suscipit vitae aspernatur. Quia quis porro veritatis iure nisi itaque.','sint','886314',NULL,'1999-12-07 20:14:36','2019-10-03 17:56:51'),
('79','4','79','Eos consequatur est nobis incidunt asperiores vitae. Consectetur aut omnis error culpa. Qui aut ipsam est sint nesciunt temporibus. Ab quae facere voluptatem deserunt earum.','eveniet','557588',NULL,'1976-04-23 19:09:06','2000-01-12 17:33:11'),
('80','5','80','Non ad eveniet possimus officiis et dolor veniam. Cupiditate illo doloribus assumenda et quia. Voluptate soluta error minima delectus labore.','perspiciatis','1357',NULL,'2009-05-24 07:44:00','1987-04-07 11:09:14'),
('81','1','81','Beatae vel deserunt delectus. Quis sunt rem ut non similique. Mollitia porro ut ut sit id illo atque. Maxime impedit nesciunt quidem ipsam soluta culpa.','quisquam','0',NULL,'1974-09-15 02:00:10','1971-09-14 07:36:53'),
('82','2','82','Repellat impedit aut voluptas et beatae. Dignissimos dolorem possimus doloribus. Omnis sit inventore explicabo necessitatibus dolorem sunt consequuntur. Minus rerum molestiae expedita nobis ab voluptas.','autem','2',NULL,'1990-11-26 11:38:25','1998-08-08 22:01:05'),
('83','3','83','Consequatur reiciendis provident aut cumque. Accusantium exercitationem provident nulla error est sunt. Porro similique repudiandae quasi eligendi. Culpa illum molestiae voluptatibus porro porro ullam rerum.','cum','0',NULL,'1976-10-08 18:42:29','1991-02-23 17:45:20'),
('84','4','84','Doloribus iusto et aut voluptatem. Nemo facere voluptatem ex quibusdam ea doloremque qui. Aut quam dolor voluptas aut dolorem quia hic. Consequatur eveniet doloremque dolorum sed.','eum','52',NULL,'1973-03-09 10:55:50','1994-12-26 20:43:11'),
('85','5','85','Error ratione in incidunt totam quaerat aut qui. Voluptatum dolore optio in. Sed et aperiam in.','saepe','0',NULL,'2004-06-14 02:14:06','1998-04-21 01:22:58'),
('86','1','86','Optio expedita expedita quis voluptas consectetur sint. Esse qui doloremque aut aliquam eos est ut tenetur. Minima odio ipsam error tempore et ea aut.','repudiandae','0',NULL,'1976-04-20 23:40:59','1971-07-01 21:51:38'),
('87','2','87','Est nihil sed voluptatum eius repudiandae aut ad. Voluptatibus impedit dolores perferendis hic. In quibusdam molestiae sed eligendi sit hic animi. Accusantium ad quod reprehenderit.','ratione','0',NULL,'1999-01-09 20:57:40','1983-03-27 12:28:03'),
('88','3','88','Rem quasi voluptas et excepturi quo et. Numquam provident est vero et ut ullam dignissimos. Et distinctio quas quam officiis ut fugit. Dolorem culpa deleniti omnis enim.','et','46721165',NULL,'2012-12-19 22:40:24','1987-10-28 02:49:46'),
('89','4','89','Animi quis ullam quasi tempora. Id voluptate aut accusamus ut repudiandae sit. Pariatur consectetur sit ea nesciunt.','molestiae','7743613',NULL,'1982-07-20 21:12:19','1988-02-26 18:09:12'),
('90','5','90','Distinctio consequatur eum consequuntur sint ducimus quae. Eum suscipit natus eos dolor quisquam. Qui at perspiciatis voluptatem et omnis. Aut excepturi voluptas consectetur neque voluptatem.','aliquam','11895',NULL,'2015-05-08 09:51:47','2017-06-11 04:08:02'),
('91','1','91','Ea est laboriosam porro nihil ut maxime. Enim vel cumque eligendi ipsa natus.','accusantium','9591976',NULL,'2010-11-17 12:46:59','2016-04-20 05:22:37'),
('92','2','92','Fugit molestiae quisquam temporibus eligendi et quia dolor. Et quod qui quo cum voluptas quasi. Totam neque repudiandae dicta deserunt mollitia laboriosam. Aut cupiditate dolorum et nemo est hic.','qui','921291863',NULL,'1976-11-18 07:01:30','1976-03-11 10:01:25'),
('93','3','93','Consectetur ea consequatur nihil natus quia ut dolor neque. Et soluta voluptas quae.','quia','83380099',NULL,'2012-07-17 17:31:41','1983-11-13 07:31:00'),
('94','4','94','Qui possimus eius qui consequatur et doloribus maiores odit. Minima ratione dolores vel saepe vel dolore. Autem quis aut ullam.','eius','0',NULL,'1991-04-17 08:49:33','1976-11-01 03:56:10'),
('95','5','95','Et possimus quis ut vel doloremque. Sit dicta natus impedit. Dolores harum eaque eos.','veritatis','81',NULL,'1999-04-24 06:11:05','1986-12-07 05:22:01'),
('96','1','96','Explicabo sed accusamus ut ut voluptatem iste. Omnis aut nam rerum sit quia. Quo quis aut quia deleniti possimus. Velit ut aut numquam impedit dolores corporis a aut.','libero','2686717',NULL,'1992-12-16 22:39:11','1977-12-02 22:01:15'),
('97','2','97','Sint dolorem occaecati doloribus sed officiis sint. Odio mollitia ut aut et ut. Minus reprehenderit quia debitis mollitia commodi rerum velit. Est et placeat ut accusantium.','aut','206201',NULL,'2007-05-30 02:18:36','1996-05-15 20:45:08'),
('98','3','98','Consequatur nulla laudantium explicabo recusandae voluptatum. Perferendis expedita quo eveniet qui veniam consequuntur. Voluptas sed provident autem quaerat neque voluptas. Voluptatum rem qui facilis pariatur rerum non id velit.','enim','6109',NULL,'2009-01-12 06:03:48','2007-03-30 14:10:59'),
('99','4','99','Temporibus dicta cumque voluptas assumenda provident. Magni odio excepturi quae doloremque ut. Eligendi nulla aut a animi accusantium.','minima','65717',NULL,'1997-12-02 04:45:26','1984-08-08 00:40:35'),
('100','5','100','Non consequuntur voluptates nisi impedit delectus rerum. Neque aliquid esse delectus modi exercitationem rerum id non. A quae eaque commodi voluptatem et rerum.','voluptates','21211',NULL,'1980-12-31 15:07:15','2009-09-30 07:31:43'); 


DROP TABLE IF EXISTS `media_types`;
CREATE TABLE `media_types` (
  `id` bigint(20) unsigned NOT NULL AUTO_INCREMENT,
  `name` varchar(255) COLLATE utf8_unicode_ci DEFAULT NULL,
  `created_at` datetime DEFAULT current_timestamp(),
  `updated_at` datetime DEFAULT current_timestamp() ON UPDATE current_timestamp(),
  PRIMARY KEY (`id`)
) ENGINE=InnoDB AUTO_INCREMENT=6 DEFAULT CHARSET=utf8 COLLATE=utf8_unicode_ci;

INSERT INTO `media_types` VALUES ('1','consequatur','2002-08-30 05:55:05','1984-01-13 21:51:28'),
('2','quasi','2001-08-08 06:09:11','1996-01-25 17:22:36'),
('3','placeat','1991-09-19 07:46:24','1991-01-09 23:47:53'),
('4','odio','1974-03-26 01:18:54','1988-11-06 01:31:19'),
('5','sed','2006-08-31 19:29:20','2000-09-26 20:38:55'); 


DROP TABLE IF EXISTS `messages`;
CREATE TABLE `messages` (
  `id` bigint(20) unsigned NOT NULL AUTO_INCREMENT,
  `from_user_id` bigint(20) unsigned NOT NULL,
  `to_user_id` bigint(20) unsigned NOT NULL,
  `body` text COLLATE utf8_unicode_ci DEFAULT NULL,
  `created_at` datetime DEFAULT current_timestamp(),
  PRIMARY KEY (`id`),
  KEY `from_user_id` (`from_user_id`),
  KEY `to_user_id` (`to_user_id`),
  CONSTRAINT `messages_ibfk_1` FOREIGN KEY (`from_user_id`) REFERENCES `users` (`id`),
  CONSTRAINT `messages_ibfk_2` FOREIGN KEY (`to_user_id`) REFERENCES `users` (`id`)
) ENGINE=InnoDB AUTO_INCREMENT=101 DEFAULT CHARSET=utf8 COLLATE=utf8_unicode_ci;

INSERT INTO `messages` VALUES ('1','1','1','Blanditiis excepturi id unde earum maxime error quos. Rerum molestias beatae beatae ipsum enim. Quo rem est quo molestiae aperiam.','1993-08-12 04:47:03'),
('2','2','2','Fuga at adipisci sit earum rem quasi voluptates praesentium. Necessitatibus laboriosam eos perferendis voluptates. Maxime adipisci repellendus expedita sint impedit et.','1983-05-31 16:36:31'),
('3','3','3','Iste excepturi dolorem distinctio quisquam ut et. Qui debitis enim et. Reiciendis dolores inventore vel qui. Consequatur velit aut dolor officia et.','1988-06-14 15:50:29'),
('4','4','4','Et id magni voluptates rerum excepturi ut odit. Et sit ad reprehenderit soluta autem incidunt quo. Ut voluptas voluptate consequatur odit earum consequatur.','1985-01-10 14:25:54'),
('5','5','5','Voluptates qui temporibus amet est. Eos vitae deleniti quibusdam quae veniam qui. Sit molestiae voluptatum nisi aut optio velit.','2005-12-30 19:10:16'),
('6','6','6','Cumque modi qui debitis nam quod deleniti. Ab voluptas sed odit eveniet eum cumque eaque.','2008-09-10 17:23:28'),
('7','7','7','Eum blanditiis a explicabo. Magni distinctio sit sunt sint nesciunt eveniet. Molestias et at similique sint quidem. Amet veniam consectetur ducimus pariatur ut.','1976-10-25 03:49:50'),
('8','8','8','Est et sed porro. Aut rerum voluptatem sed. Eum rerum et molestiae rerum deleniti qui.','2016-02-04 03:56:18'),
('9','9','9','Consequatur exercitationem commodi ex quod ut eligendi doloribus. Et tempora quis nostrum perspiciatis modi minus. Ut fugiat blanditiis velit sit odit consequuntur.','1981-07-10 00:11:02'),
('10','10','10','Laudantium omnis magni qui qui quia minima eum. Repellendus sit id ipsam provident quo quod quas. Et ea molestias laborum sunt.','1999-02-09 03:30:16'),
('11','11','11','Eius magnam eligendi molestias enim nulla suscipit officia. Laudantium laboriosam maxime voluptate cumque quasi voluptatem amet. Atque id accusamus iure est accusantium voluptatem ipsa ea.','2014-03-03 01:17:13'),
('12','12','12','Fugiat ex explicabo qui itaque illum earum. Enim aut nobis dolore esse aut mollitia sed. Vitae beatae et vitae vel dolores eaque enim. Molestias maiores ad hic sint.','1982-07-29 19:17:01'),
('13','13','13','Ea non quibusdam pariatur fugiat distinctio sed. Tenetur quam et doloribus et. Voluptates architecto quasi et aut nobis. Ut reiciendis aut sit minus magnam et sunt similique.','1983-08-14 03:31:56'),
('14','14','14','Sit aspernatur iste eos. Sed ut veritatis aut deserunt ut voluptas quasi. Magni nemo id itaque repellendus voluptatibus ut cum.','1999-05-19 21:25:03'),
('15','15','15','Ipsa perspiciatis voluptatem rerum placeat. Qui magni et ad beatae deleniti. Ut optio sed laborum inventore. Ex asperiores qui sit voluptas.','2008-05-13 00:35:56'),
('16','16','16','Consectetur sit maxime debitis id. Consequatur quia quas qui dolorem sed sunt eligendi officiis. Consequatur eveniet nihil neque in voluptatem recusandae. Et qui vero odio sit nostrum explicabo et. Voluptatem quia ab repudiandae facilis minima esse et.','1984-07-22 19:18:39'),
('17','17','17','Quia vitae neque dolore repudiandae. Inventore ut distinctio praesentium dolor consequatur. Modi mollitia est vero necessitatibus. Aut molestiae iste maiores asperiores.','1986-11-19 17:23:07'),
('18','18','18','Tempore fugiat qui et cumque earum quo. Qui amet perferendis quis quae sunt quam et. Consectetur non aut dolorum.','1978-08-25 03:43:31'),
('19','19','19','Ipsam aut ut omnis aut dolorem ipsa. Quod consequatur quisquam et ut sunt. Dolorum sint cum voluptatem earum ex a.','1995-05-06 14:23:59'),
('20','20','20','Sapiente dolor est suscipit molestias et. Voluptas suscipit voluptatem magni vero aspernatur sed. Consequuntur quasi consectetur deleniti eaque.','2010-04-22 13:39:58'),
('21','21','21','Quia nemo ducimus aut neque nihil itaque distinctio possimus. Nemo accusamus eius at molestiae sit. Molestias quae quasi dolores nihil totam. Quam et nobis iusto suscipit. Et voluptate fuga qui.','1993-07-12 07:54:47'),
('22','22','22','Laudantium corporis accusantium velit in veritatis error. Omnis odit reprehenderit quia neque aliquam. Itaque quod id quis numquam a veritatis. Aut numquam dolores et aperiam itaque voluptatem molestiae quidem.','2003-11-18 11:10:12'),
('23','23','23','Earum consequatur labore rerum veritatis. Laudantium numquam ut exercitationem. Laborum est sunt laboriosam quisquam quo delectus. Velit consequatur rerum consequuntur aut eius voluptatum.','1975-07-03 02:39:36'),
('24','24','24','Sit aut perferendis sed. Dicta voluptates perspiciatis aspernatur. Accusantium vero corporis voluptates modi quia.','2006-02-13 13:29:11'),
('25','25','25','Consectetur harum ullam temporibus debitis molestias. Amet laborum ut voluptatem repellendus nihil eos sit. Aliquid vel corporis quia eaque.','1978-10-23 00:57:19'),
('26','26','26','Sint illum ut reprehenderit fugit. Officia nam asperiores quis. Quae quo adipisci dolorum sunt quis ut. Magnam ut illo adipisci dolor pariatur et eveniet.','1999-12-17 14:03:26'),
('27','27','27','Esse et nulla eum voluptas non itaque culpa. Vero est voluptas sit. In consectetur saepe doloribus saepe sit sequi. Consequatur dolore iusto et debitis fugiat.','1973-11-15 20:12:47'),
('28','28','28','Aut velit eveniet vero placeat ipsum. Autem et accusamus odit eius blanditiis. Sunt sed impedit consectetur quae ea.','2005-12-13 14:08:10'),
('29','29','29','Dolor voluptas maxime commodi soluta nulla repudiandae sint architecto. Et facilis mollitia ea non. Voluptates autem eum voluptatum blanditiis.','1981-05-25 20:34:25'),
('30','30','30','Voluptatum ea praesentium qui. Nobis reprehenderit neque sit omnis et. Ullam est et doloribus non deleniti. Possimus nihil veritatis non.','1971-12-15 19:14:34'),
('31','31','31','Voluptatem deleniti qui porro. Voluptas enim aperiam sunt hic vel earum. Voluptatem optio consequatur et amet excepturi. Tempore impedit a sit maiores cupiditate quod eos magnam.','2012-12-04 23:57:10'),
('32','32','32','Unde nobis minima alias dolore consectetur nihil repellendus. Exercitationem in non assumenda dicta rerum esse rem eius. Rerum autem est id quos aliquam. Exercitationem blanditiis quasi nobis vero natus dolores delectus sit.','1992-02-20 21:54:15'),
('33','33','33','Atque nam vel ut expedita molestiae. Qui qui ut ut harum veritatis facilis earum mollitia. Quia ad et laudantium minima consequuntur facilis porro.','1977-03-08 21:39:16'),
('34','34','34','Non dolore ipsam sed placeat mollitia. Quia cupiditate temporibus et cum.','2008-11-10 01:48:49'),
('35','35','35','Optio quos maiores ea sed ratione reiciendis aspernatur esse. Pariatur quis natus sit quia occaecati quas. Nam neque laborum aut et earum error hic.','1981-02-09 15:05:02'),
('36','36','36','In rerum atque distinctio ea explicabo non nemo. Voluptas ut molestiae quod maiores. Asperiores in sint quas quisquam dolore ullam et quia.','1990-10-17 15:04:11'),
('37','37','37','Ratione fugiat rerum fugit sed earum eos. Qui alias consequatur nulla incidunt eos necessitatibus perferendis quo.','1999-07-06 07:40:01'),
('38','38','38','Optio officiis aut alias non vero nisi ad tempore. Et maiores ex est odit corrupti. Doloremque fugit impedit enim quo.','2018-02-05 08:39:54'),
('39','39','39','Assumenda adipisci repudiandae doloremque quis pariatur quidem corrupti excepturi. Atque nemo ut modi nesciunt in libero. Consequatur quas veniam dolore. Ut error quia molestias eligendi.','2016-07-04 15:23:06'),
('40','40','40','Deserunt impedit sapiente inventore ut facilis. Voluptas excepturi qui nihil repudiandae recusandae dolorem. Aut velit distinctio eius.','1970-01-03 15:35:36'),
('41','41','41','Est odio repellat modi voluptas. Amet distinctio fugit sit laboriosam. Expedita enim laborum quam perspiciatis.','1983-07-07 01:17:21'),
('42','42','42','Repudiandae aut aut ut tempora cupiditate in. Necessitatibus in ratione qui qui non reprehenderit distinctio. Aut voluptatum sapiente non deleniti.','1997-02-25 10:46:16'),
('43','43','43','Corrupti aut suscipit quae a dolorem earum qui. Quos saepe omnis est possimus nam dolore. Repudiandae quaerat vel quis neque eos dolores.','1996-11-10 19:12:46'),
('44','44','44','Totam omnis id fugit tempore praesentium unde. Vero facere qui magni perferendis. Inventore molestias asperiores sed eaque. Dolores necessitatibus dolores voluptatem dolorum. Nulla et delectus eum ducimus dolor qui cum.','1981-05-14 10:05:56'),
('45','45','45','Provident expedita dolorum aliquid. Ad rerum modi natus dolorum ab officia asperiores distinctio. Et dignissimos dignissimos voluptatibus nihil corrupti soluta. Rem ut in deserunt eos et.','1978-08-09 10:39:44'),
('46','46','46','Numquam dolorem soluta laborum sunt et. Aliquam minima voluptates earum quisquam et est corporis iure.','1994-06-09 07:24:54'),
('47','47','47','Vel aspernatur voluptatem quia. Harum optio illum illo voluptatem earum et. Culpa quis eveniet cupiditate porro aut voluptatibus possimus.','1982-06-24 05:16:02'),
('48','48','48','Voluptatem velit voluptas sint commodi repudiandae qui tenetur. Commodi provident ab ut tempore occaecati. Quo necessitatibus corporis culpa nesciunt iure iusto omnis repudiandae. Qui atque magnam facere.','1972-03-01 06:32:01'),
('49','49','49','Facilis unde maxime quia doloremque officiis. Temporibus omnis aut aspernatur provident vel doloribus rem. Occaecati officiis et provident.','1975-10-12 02:54:39'),
('50','50','50','Dolorum atque debitis quas omnis esse accusamus vel. Veniam ut reprehenderit debitis soluta nihil quae consequatur.','2000-10-14 21:43:00'),
('51','51','51','Voluptatem nesciunt voluptatem dolorem id molestiae aut. Architecto provident voluptas rerum eum ut eos. Ut officia eaque rerum ullam saepe nihil consequatur. Recusandae cupiditate placeat ea voluptas est autem dolor.','1981-11-06 13:39:35'),
('52','52','52','Aut labore fugit qui earum placeat nihil. Molestias nobis dolorem ipsum in quis commodi sit. Repudiandae omnis quibusdam sed quis quos.','1980-08-30 23:43:24'),
('53','53','53','Architecto et voluptatum aliquid praesentium eveniet numquam. Recusandae blanditiis dolorum ut qui. Fugiat autem illum et reprehenderit recusandae odit architecto earum.','1990-01-04 15:04:57'),
('54','54','54','Voluptas molestiae nihil minus sed. Et mollitia ab nemo vitae tempore ex repudiandae. Quibusdam sit quo doloremque qui. Voluptas assumenda eius natus. Dolor aut ea quis est in ut ad.','1986-07-02 21:31:15'),
('55','55','55','Vel facere porro laborum quia rem. Et illum qui quaerat quis accusantium quod. Dolorum atque quia et voluptatem omnis voluptatibus. Maxime nam et et ad perspiciatis inventore.','2011-06-08 17:14:07'),
('56','56','56','Ex non sint eum pariatur est ut. Odit et rerum eligendi qui esse tenetur a. Harum quia est omnis neque quis consequuntur atque et. Incidunt quaerat omnis beatae aut dicta. Consequatur qui eaque ut recusandae voluptas adipisci.','2007-01-17 05:58:19'),
('57','57','57','Omnis voluptatem quas doloribus non nihil quos quaerat. Voluptatem facere amet repellendus iure. Velit suscipit expedita nostrum repudiandae reprehenderit porro.','2017-09-23 00:40:53'),
('58','58','58','Qui natus velit delectus illo nemo natus. Est ratione omnis sed nam ex non.','1982-09-02 07:33:55'),
('59','59','59','Sint aliquam tenetur et omnis alias. Reiciendis et ipsum odio fugit nihil est suscipit. Qui et et aliquam sit dolor aliquam placeat. Quis labore sit veritatis quos et deserunt fugiat ut.','1975-08-23 00:47:37'),
('60','60','60','Et explicabo enim officiis quam dignissimos voluptatem earum. Omnis est explicabo fugit odit. Labore molestias dicta eaque magni et. Hic rerum tempora praesentium et repellendus voluptatibus.','2014-03-12 23:05:07'),
('61','61','61','Blanditiis animi repellendus incidunt. Accusantium fuga dicta ab distinctio facilis et sed. Omnis eligendi magnam ea. Sapiente reiciendis est voluptates exercitationem.','1984-06-07 16:35:52'),
('62','62','62','Fuga qui est ut. Eum nam deserunt molestias mollitia illo minima perferendis. Non dolor delectus et non. Modi necessitatibus est molestiae quis aut.','1997-07-14 07:34:38'),
('63','63','63','Officiis et temporibus quos est et magni aut rem. Voluptas ratione vel consequatur eum. Non asperiores enim voluptas eum fugit.','2009-10-19 14:32:50'),
('64','64','64','Est nam maxime voluptas. Voluptatibus amet voluptas sapiente voluptatum reprehenderit assumenda animi. Sunt voluptas incidunt doloremque. Qui qui unde quo nobis id pariatur voluptatem.','1986-07-17 08:02:27'),
('65','65','65','Autem nesciunt neque qui optio et et fuga. Autem nam ad recusandae assumenda ut veritatis. Iure consequatur itaque qui aut beatae. Sequi in quia officia esse quia modi accusamus. Aut atque et autem.','1995-12-12 18:56:54'),
('66','66','66','Tenetur aut voluptate laborum illum officia rerum. Voluptates illum eos nesciunt laborum quo iure. Ratione quae quas sint qui cum natus.','2007-11-11 20:40:11'),
('67','67','67','Vitae non aperiam cum exercitationem illum quis. Esse qui ut et officia accusamus repudiandae. Nihil mollitia dolores nisi dolores. Quia aut ut ut ut non earum.','2003-03-14 13:55:11'),
('68','68','68','Porro beatae non autem deserunt eum incidunt vel dolorem. Vel incidunt laboriosam nam nesciunt. Id veritatis est molestiae ut minus architecto et. Aut nostrum voluptates eveniet assumenda.','1997-09-15 18:54:26'),
('69','69','69','Ad qui dolor culpa dolores et optio iusto. Aliquam laboriosam rerum et qui rerum natus voluptas. Rerum error cumque sint quae nulla.','1999-04-01 02:21:48'),
('70','70','70','Earum aut sed deleniti. Sapiente consequatur quibusdam eum et dolore aut qui. Laborum aliquid dolorem adipisci beatae molestias asperiores. Et distinctio et eum minus delectus.','2013-05-30 08:45:18'),
('71','71','71','Excepturi modi iusto sit sed. Ducimus error natus at debitis voluptatum ut. Debitis odio aspernatur sint exercitationem sint. Qui dolores optio molestiae qui ipsam. Aut similique aut sint ipsam veniam.','2015-08-15 02:47:33'),
('72','72','72','Enim eos qui beatae maiores voluptatem quo aliquid tenetur. Molestiae nulla maxime amet. Tempore ad distinctio minus aut illum error id.','1992-01-15 00:32:38'),
('73','73','73','Consequatur ut voluptas id velit non maxime. Autem voluptas dolores voluptatem repudiandae molestiae. Blanditiis eum aliquid dolorem ea corporis consectetur.','2001-03-24 21:46:00'),
('74','74','74','Dicta cupiditate enim facilis similique. Maiores qui quaerat id reiciendis. Quod repudiandae quod sequi quia. Deserunt et sunt eveniet est quae nemo incidunt.','1984-11-13 18:42:33'),
('75','75','75','Reiciendis recusandae quas doloremque consequuntur corporis quis eveniet. Voluptate officiis natus dolores qui ipsam qui. In dolore et voluptatem deleniti aperiam.','2018-12-07 23:51:13'),
('76','76','76','Distinctio nobis voluptatem aut voluptatem ab culpa atque. Enim at repellat qui aut minus dolore.','2003-01-25 00:22:34'),
('77','77','77','Ut qui eaque corrupti omnis. Id sint et ut omnis. Eveniet doloremque vitae eos vitae. Eos iure sit odio ducimus nam ut. Eum sapiente non cumque nihil sunt placeat dolores impedit.','1995-11-13 23:00:54'),
('78','78','78','Alias facere aut rerum veniam. Aut vel ex quaerat modi eos molestiae consequatur. Amet voluptatem dolores earum sint.','2006-04-25 17:45:42'),
('79','79','79','Et blanditiis ipsa et corporis officiis. Laboriosam ut repudiandae eaque repellat quaerat porro. Amet ad quis provident earum.','1995-08-28 14:33:20'),
('80','80','80','Magni est et accusantium ipsam et ea nostrum. Enim facere aut voluptatem id dolor. Dolor voluptatum quos dolore. Voluptate et hic iste ut dolorem quibusdam non.','2011-08-11 13:16:20'),
('81','81','81','Sint dolorem hic et. Atque quas tempore ullam quod neque. Minima totam rerum aperiam autem necessitatibus. Quasi architecto aperiam natus nihil dolores quam.','2008-07-29 14:04:55'),
('82','82','82','Et rerum sed quia minus. Architecto et deserunt est sed. Ratione et architecto iusto aut aut quae sed ducimus. Nihil id praesentium et voluptatum delectus non illo rem. Soluta magnam aut et hic.','2013-02-23 04:28:17'),
('83','83','83','Enim sit eum voluptatem veniam ipsa ut. Quos ratione alias non quidem. Voluptas eos eaque dolore. Explicabo ut architecto ut deserunt et.','2008-01-13 05:17:57'),
('84','84','84','Quos fugit excepturi at. Ut sit et qui dolor magni impedit qui. Vel illum dolor soluta tempore maiores ab. Ipsum necessitatibus cumque rem omnis quam.','2006-06-11 05:35:13'),
('85','85','85','Pariatur dolorem incidunt atque voluptas error magnam ratione. Sit fugit rem praesentium est velit. Ipsa qui iusto dolor vitae.','2003-02-19 08:54:04'),
('86','86','86','Repellat voluptates voluptas esse sed consequatur magni. Rerum omnis quo ut provident commodi qui. Vitae consectetur quidem voluptatem officia delectus. Est est maiores et itaque atque aut fuga.','1971-12-11 03:28:46'),
('87','87','87','Adipisci sit omnis vero quisquam doloribus. Et nesciunt corrupti voluptates odit cumque.','1978-04-21 03:43:17'),
('88','88','88','Autem recusandae consequuntur sunt libero voluptatem saepe. Ullam necessitatibus quos accusamus minus rerum voluptas molestiae. Aut nulla in dolores quae. Voluptates dicta aut esse voluptatem. Perspiciatis magni dolores odio dolorem.','1994-08-14 09:58:07'),
('89','89','89','Qui debitis id provident eum. Suscipit et officiis qui suscipit. Ullam quia et consectetur ex magnam magnam aut nobis. Saepe ea eum ipsa at.','1976-04-30 15:07:21'),
('90','90','90','Velit sit voluptas placeat. Consequatur dolor consequuntur est et magni. Vel eos quia ipsa dolorem officia nemo id.','2000-10-21 12:35:56'),
('91','91','91','Deleniti eligendi et dolorem et aperiam assumenda enim. Eveniet dolorum deserunt ut et iure maiores numquam.','2001-09-07 09:40:27'),
('92','92','92','Temporibus dolores expedita ea. Minima quos nostrum ratione assumenda quo cumque aut. Laudantium culpa quis dolor molestiae molestiae vel laboriosam a.','1982-10-14 16:10:45'),
('93','93','93','Repellat quasi eveniet accusamus ut. Et cumque aspernatur odit et. Fuga laborum possimus atque molestiae cupiditate. Nemo et facilis nisi ut unde dicta sint velit.','2020-02-14 12:28:20'),
('94','94','94','Aut aliquam et blanditiis est sed. Reiciendis nihil occaecati autem quisquam aut. Molestiae voluptate consequatur saepe sed.','2003-07-25 22:26:45'),
('95','95','95','Amet et aut aspernatur labore hic doloremque amet. Corrupti voluptates quia perspiciatis repudiandae id. Aut vel et in.','2015-11-01 20:46:54'),
('96','96','96','Quibusdam sed dolor consequatur aliquid nihil et ab sed. Inventore reiciendis eos in et aut voluptas. Consequatur non inventore quia dolores provident non. Repudiandae aliquam dolorum eius provident.','1971-06-19 14:14:01'),
('97','97','97','Expedita qui quis placeat corporis magni illum. Iste rerum commodi rem. Quam veniam rerum ipsum voluptates ipsum quidem. Quia dolores tempore atque impedit autem.','2013-05-17 13:41:08'),
('98','98','98','Quas mollitia vero corrupti quo pariatur aliquid nulla. Magni fuga officiis officiis exercitationem. Dolores reprehenderit qui voluptatem est voluptas. Molestiae provident laboriosam et. Et asperiores sit perspiciatis et.','1985-08-19 10:17:49'),
('99','99','99','Ut quasi eaque fuga enim. Rem provident dolore fugit non nihil consectetur repudiandae dolorem. Impedit id excepturi molestias laudantium nihil.','1989-08-29 00:16:43'),
('100','100','100','Autem sit et maxime eum. Voluptates et expedita ut atque. Sapiente aliquam sed voluptas et corporis aut error.','2010-09-22 14:59:51'); 


DROP TABLE IF EXISTS `photo_albums`;
CREATE TABLE `photo_albums` (
  `id` bigint(20) unsigned NOT NULL AUTO_INCREMENT,
  `name` varchar(255) COLLATE utf8_unicode_ci DEFAULT NULL,
  `user_id` bigint(20) unsigned DEFAULT NULL,
  PRIMARY KEY (`id`),
  UNIQUE KEY `id` (`id`),
  KEY `user_id` (`user_id`),
  CONSTRAINT `photo_albums_ibfk_1` FOREIGN KEY (`user_id`) REFERENCES `users` (`id`)
) ENGINE=InnoDB AUTO_INCREMENT=101 DEFAULT CHARSET=utf8 COLLATE=utf8_unicode_ci;

INSERT INTO `photo_albums` VALUES ('1','dolorum','1'),
('2','quis','2'),
('3','et','3'),
('4','repellat','4'),
('5','id','5'),
('6','sit','6'),
('7','repellat','7'),
('8','quia','8'),
('9','nihil','9'),
('10','consequatur','10'),
('11','commodi','11'),
('12','nihil','12'),
('13','distinctio','13'),
('14','fugiat','14'),
('15','eos','15'),
('16','architecto','16'),
('17','eveniet','17'),
('18','porro','18'),
('19','magnam','19'),
('20','nostrum','20'),
('21','reiciendis','21'),
('22','ratione','22'),
('23','quo','23'),
('24','error','24'),
('25','velit','25'),
('26','nihil','26'),
('27','doloremque','27'),
('28','aut','28'),
('29','aliquam','29'),
('30','in','30'),
('31','autem','31'),
('32','et','32'),
('33','sunt','33'),
('34','aliquam','34'),
('35','libero','35'),
('36','tempore','36'),
('37','excepturi','37'),
('38','delectus','38'),
('39','dignissimos','39'),
('40','commodi','40'),
('41','officiis','41'),
('42','aut','42'),
('43','blanditiis','43'),
('44','saepe','44'),
('45','quasi','45'),
('46','eveniet','46'),
('47','nihil','47'),
('48','repudiandae','48'),
('49','sint','49'),
('50','assumenda','50'),
('51','nostrum','51'),
('52','at','52'),
('53','reiciendis','53'),
('54','vel','54'),
('55','labore','55'),
('56','qui','56'),
('57','tempore','57'),
('58','voluptatum','58'),
('59','praesentium','59'),
('60','nostrum','60'),
('61','ut','61'),
('62','ex','62'),
('63','numquam','63'),
('64','ducimus','64'),
('65','eaque','65'),
('66','repudiandae','66'),
('67','quo','67'),
('68','rem','68'),
('69','et','69'),
('70','omnis','70'),
('71','magni','71'),
('72','sint','72'),
('73','similique','73'),
('74','sed','74'),
('75','hic','75'),
('76','rerum','76'),
('77','necessitatibus','77'),
('78','sint','78'),
('79','atque','79'),
('80','dignissimos','80'),
('81','est','81'),
('82','doloremque','82'),
('83','quo','83'),
('84','vitae','84'),
('85','eos','85'),
('86','quos','86'),
('87','qui','87'),
('88','occaecati','88'),
('89','suscipit','89'),
('90','magni','90'),
('91','et','91'),
('92','et','92'),
('93','placeat','93'),
('94','assumenda','94'),
('95','ut','95'),
('96','illo','96'),
('97','sunt','97'),
('98','expedita','98'),
('99','molestiae','99'),
('100','quod','100'); 


DROP TABLE IF EXISTS `photos`;
CREATE TABLE `photos` (
  `id` bigint(20) unsigned NOT NULL AUTO_INCREMENT,
  `album_id` bigint(20) unsigned NOT NULL,
  `media_id` bigint(20) unsigned NOT NULL,
  PRIMARY KEY (`id`),
  KEY `album_id` (`album_id`),
  KEY `media_id` (`media_id`),
  CONSTRAINT `photos_ibfk_1` FOREIGN KEY (`album_id`) REFERENCES `photo_albums` (`id`),
  CONSTRAINT `photos_ibfk_2` FOREIGN KEY (`media_id`) REFERENCES `media` (`id`)
) ENGINE=InnoDB AUTO_INCREMENT=101 DEFAULT CHARSET=utf8 COLLATE=utf8_unicode_ci;

INSERT INTO `photos` VALUES ('1','1','1'),
('2','2','2'),
('3','3','3'),
('4','4','4'),
('5','5','5'),
('6','6','6'),
('7','7','7'),
('8','8','8'),
('9','9','9'),
('10','10','10'),
('11','11','11'),
('12','12','12'),
('13','13','13'),
('14','14','14'),
('15','15','15'),
('16','16','16'),
('17','17','17'),
('18','18','18'),
('19','19','19'),
('20','20','20'),
('21','21','21'),
('22','22','22'),
('23','23','23'),
('24','24','24'),
('25','25','25'),
('26','26','26'),
('27','27','27'),
('28','28','28'),
('29','29','29'),
('30','30','30'),
('31','31','31'),
('32','32','32'),
('33','33','33'),
('34','34','34'),
('35','35','35'),
('36','36','36'),
('37','37','37'),
('38','38','38'),
('39','39','39'),
('40','40','40'),
('41','41','41'),
('42','42','42'),
('43','43','43'),
('44','44','44'),
('45','45','45'),
('46','46','46'),
('47','47','47'),
('48','48','48'),
('49','49','49'),
('50','50','50'),
('51','51','51'),
('52','52','52'),
('53','53','53'),
('54','54','54'),
('55','55','55'),
('56','56','56'),
('57','57','57'),
('58','58','58'),
('59','59','59'),
('60','60','60'),
('61','61','61'),
('62','62','62'),
('63','63','63'),
('64','64','64'),
('65','65','65'),
('66','66','66'),
('67','67','67'),
('68','68','68'),
('69','69','69'),
('70','70','70'),
('71','71','71'),
('72','72','72'),
('73','73','73'),
('74','74','74'),
('75','75','75'),
('76','76','76'),
('77','77','77'),
('78','78','78'),
('79','79','79'),
('80','80','80'),
('81','81','81'),
('82','82','82'),
('83','83','83'),
('84','84','84'),
('85','85','85'),
('86','86','86'),
('87','87','87'),
('88','88','88'),
('89','89','89'),
('90','90','90'),
('91','91','91'),
('92','92','92'),
('93','93','93'),
('94','94','94'),
('95','95','95'),
('96','96','96'),
('97','97','97'),
('98','98','98'),
('99','99','99'),
('100','100','100'); 


DROP TABLE IF EXISTS `profiles`;
CREATE TABLE `profiles` (
  `user_id` bigint(20) unsigned NOT NULL AUTO_INCREMENT,
  `gender` char(1) COLLATE utf8_unicode_ci DEFAULT NULL,
  `birthday` date DEFAULT NULL,
  `photo_id` bigint(20) unsigned DEFAULT NULL,
  `created_at` datetime DEFAULT current_timestamp(),
  `hometown` varchar(100) COLLATE utf8_unicode_ci DEFAULT NULL,
  PRIMARY KEY (`user_id`),
  CONSTRAINT `fk_user_id` FOREIGN KEY (`user_id`) REFERENCES `users` (`id`) ON DELETE NO ACTION ON UPDATE CASCADE
) ENGINE=InnoDB AUTO_INCREMENT=101 DEFAULT CHARSET=utf8 COLLATE=utf8_unicode_ci;

INSERT INTO `profiles` VALUES ('1',NULL,'2003-02-09','1','1995-04-22 09:13:38',NULL),
('2',NULL,'2017-11-18','2','1990-10-12 00:45:33',NULL),
('3',NULL,'2012-03-30','3','2013-08-05 10:48:35',NULL),
('4',NULL,'2004-12-13','4','2008-09-02 14:24:54',NULL),
('5',NULL,'1994-07-25','5','2009-02-17 09:11:05',NULL),
('6',NULL,'1993-07-18','6','1998-11-01 00:15:05',NULL),
('7',NULL,'1971-09-08','7','1989-03-17 11:44:16',NULL),
('8',NULL,'2015-08-07','8','1993-02-04 22:22:28',NULL),
('9',NULL,'2008-09-30','9','1996-06-01 02:09:42',NULL),
('10',NULL,'2014-02-23','10','1996-02-07 08:08:46',NULL),
('11',NULL,'2005-03-23','11','1985-08-16 18:41:51',NULL),
('12',NULL,'1995-11-14','12','1989-12-25 16:37:11',NULL),
('13',NULL,'1976-10-15','13','2002-04-29 07:14:17',NULL),
('14',NULL,'1970-06-29','14','1980-08-27 19:22:57',NULL),
('15',NULL,'2005-05-04','15','2012-12-14 22:15:54',NULL),
('16',NULL,'2001-09-06','16','1977-10-07 04:46:37',NULL),
('17',NULL,'2015-09-10','17','1981-11-30 15:49:43',NULL),
('18',NULL,'1986-02-04','18','1979-09-03 11:39:59',NULL),
('19',NULL,'2009-08-22','19','2013-11-18 23:34:55',NULL),
('20',NULL,'2005-07-22','20','1977-12-23 18:28:51',NULL),
('21',NULL,'2010-01-19','21','2006-12-08 21:48:44',NULL),
('22',NULL,'2006-05-12','22','1995-01-22 20:43:06',NULL),
('23',NULL,'1977-11-16','23','2009-08-12 11:40:51',NULL),
('24',NULL,'1989-09-21','24','1980-02-02 13:52:42',NULL),
('25',NULL,'2011-09-23','25','2000-06-17 23:55:02',NULL),
('26',NULL,'2010-04-16','26','2000-04-07 13:42:17',NULL),
('27',NULL,'1982-07-19','27','2012-09-24 19:10:16',NULL),
('28',NULL,'2018-04-14','28','1999-10-07 10:26:13',NULL),
('29',NULL,'1998-03-25','29','1977-01-07 12:24:17',NULL),
('30',NULL,'1982-10-24','30','1971-12-27 12:38:58',NULL),
('31',NULL,'2018-02-04','31','1979-07-16 22:17:58',NULL),
('32',NULL,'1974-05-05','32','1986-07-07 04:26:38',NULL),
('33',NULL,'1987-02-19','33','2012-03-21 23:44:11',NULL),
('34',NULL,'1993-01-14','34','1977-12-13 07:22:23',NULL),
('35',NULL,'1988-04-03','35','1999-03-18 08:00:53',NULL),
('36',NULL,'2020-03-06','36','1989-08-02 08:22:00',NULL),
('37',NULL,'1980-09-12','37','2006-05-07 14:43:45',NULL),
('38',NULL,'2009-04-20','38','1972-07-16 20:37:15',NULL),
('39',NULL,'2012-04-16','39','1993-09-30 04:29:50',NULL),
('40',NULL,'1983-04-21','40','1970-07-01 12:07:24',NULL),
('41',NULL,'2017-03-11','41','2010-02-22 11:22:29',NULL),
('42',NULL,'1978-05-14','42','1982-10-16 14:45:07',NULL),
('43',NULL,'1991-10-11','43','1993-01-16 18:41:17',NULL),
('44',NULL,'2011-02-16','44','1976-10-29 22:37:44',NULL),
('45',NULL,'1998-03-16','45','2007-03-07 14:37:33',NULL),
('46',NULL,'2004-10-13','46','1987-09-12 00:47:58',NULL),
('47',NULL,'1977-02-15','47','1986-12-05 12:09:44',NULL),
('48',NULL,'2005-06-12','48','1982-02-21 11:16:47',NULL),
('49',NULL,'2013-09-02','49','2017-02-14 18:48:37',NULL),
('50',NULL,'2005-10-27','50','1971-02-18 17:35:42',NULL),
('51',NULL,'1993-09-11','51','1999-08-22 16:22:17',NULL),
('52',NULL,'1990-10-25','52','1995-12-12 14:31:13',NULL),
('53',NULL,'2000-01-01','53','1999-01-09 00:05:53',NULL),
('54',NULL,'2013-09-09','54','1982-11-20 04:22:44',NULL),
('55',NULL,'1990-04-02','55','2018-02-13 12:20:08',NULL),
('56',NULL,'1972-06-27','56','1984-07-25 02:48:25',NULL),
('57',NULL,'1992-02-13','57','1977-03-25 10:58:50',NULL),
('58',NULL,'1978-06-26','58','2019-01-07 04:53:15',NULL),
('59',NULL,'1982-06-09','59','2001-07-26 16:09:25',NULL),
('60',NULL,'1996-02-10','60','1973-07-23 05:32:36',NULL),
('61',NULL,'1982-03-16','61','1973-05-12 19:56:03',NULL),
('62',NULL,'2015-06-13','62','1981-08-21 17:11:39',NULL),
('63',NULL,'2016-06-28','63','1985-02-09 17:31:54',NULL),
('64',NULL,'1974-11-27','64','2017-04-11 01:29:48',NULL),
('65',NULL,'1986-09-21','65','1971-01-29 20:33:04',NULL),
('66',NULL,'1978-12-23','66','1970-07-11 14:34:18',NULL),
('67',NULL,'2013-04-28','67','1995-07-08 07:50:12',NULL),
('68',NULL,'1979-12-05','68','1978-01-24 04:43:11',NULL),
('69',NULL,'1995-12-10','69','1977-10-03 23:05:00',NULL),
('70',NULL,'1991-07-28','70','1987-07-01 03:40:57',NULL),
('71',NULL,'2011-10-14','71','2011-09-09 01:54:47',NULL),
('72',NULL,'1992-04-05','72','1976-09-22 22:56:27',NULL),
('73',NULL,'2018-03-23','73','1982-12-31 05:37:49',NULL),
('74',NULL,'1974-03-06','74','2017-01-26 00:32:36',NULL),
('75',NULL,'2003-08-29','75','1979-07-28 15:09:50',NULL),
('76',NULL,'2002-08-29','76','1995-01-19 17:40:18',NULL),
('77',NULL,'1998-03-21','77','1997-09-29 21:17:22',NULL),
('78',NULL,'1971-06-20','78','1982-12-10 07:10:49',NULL),
('79',NULL,'1989-09-12','79','1974-12-23 06:05:32',NULL),
('80',NULL,'1971-01-30','80','1971-07-31 21:18:37',NULL),
('81',NULL,'1981-02-01','81','2011-03-08 18:50:53',NULL),
('82',NULL,'1996-11-11','82','1996-06-20 02:11:56',NULL),
('83',NULL,'1998-08-29','83','2014-01-20 03:56:21',NULL),
('84',NULL,'1999-03-07','84','1975-03-10 19:52:17',NULL),
('85',NULL,'2016-12-02','85','2012-10-25 15:31:31',NULL),
('86',NULL,'1972-12-15','86','2001-05-30 20:19:15',NULL),
('87',NULL,'2014-06-27','87','1982-03-05 04:35:25',NULL),
('88',NULL,'2020-04-09','88','1982-11-06 05:38:05',NULL),
('89',NULL,'2017-04-12','89','1977-04-13 05:49:23',NULL),
('90',NULL,'1976-12-18','90','1997-09-03 07:16:40',NULL),
('91',NULL,'1998-08-28','91','2011-07-12 07:46:21',NULL),
('92',NULL,'1971-10-08','92','1995-09-14 20:19:50',NULL),
('93',NULL,'2003-12-07','93','1970-05-26 14:55:02',NULL),
('94',NULL,'1993-02-03','94','1979-08-27 17:42:00',NULL),
('95',NULL,'1986-01-07','95','1992-02-18 03:07:55',NULL),
('96',NULL,'1980-09-25','96','2002-01-02 16:33:14',NULL),
('97',NULL,'2013-05-08','97','1984-09-04 16:18:48',NULL),
('98',NULL,'1988-02-16','98','1985-11-16 22:24:12',NULL),
('99',NULL,'2009-04-26','99','1972-08-12 07:32:44',NULL),
('100',NULL,'2012-10-21','100','2004-07-26 16:35:26',NULL); 


DROP TABLE IF EXISTS `users`;
CREATE TABLE `users` (
  `id` bigint(20) unsigned NOT NULL AUTO_INCREMENT,
  `firstname` varchar(50) COLLATE utf8_unicode_ci DEFAULT NULL,
  `lastname` varchar(50) COLLATE utf8_unicode_ci DEFAULT NULL COMMENT '',
  `email` varchar(120) COLLATE utf8_unicode_ci DEFAULT NULL,
  `phone` bigint(20) DEFAULT NULL,
  PRIMARY KEY (`id`),
  UNIQUE KEY `email` (`email`),
  KEY `users_firstname_lastname_idx` (`firstname`,`lastname`)
) ENGINE=InnoDB AUTO_INCREMENT=101 DEFAULT CHARSET=utf8 COLLATE=utf8_unicode_ci;

INSERT INTO `users` VALUES ('1','Cassie','Carroll','alba.bednar@example.org','7899999999'),
('2','Skylar','Welch','nedra81@example.com','7900000000'),
('3','Edmond','Bailey','destini93@example.org','7900000000'),
('4','Celia','Willms','choppe@example.net','7900000000'),
('5','Eino','Ebert','lon.leannon@example.org','7900000000'),
('6','Johnathon','Baumbach','brandt66@example.com','7899999999'),
('7','Zoe','Kunde','nharber@example.org','7899999999'),
('8','Brayan','Wehner','rhianna90@example.com','7899999999'),
('9','Herman','Gerhold','ksipes@example.org','7899999999'),
('10','Kaylah','Satterfield','jturcotte@example.net','7899999999'),
('11','Joe','Tillman','labadie.louisa@example.com','7899999999'),
('12','Brett','Fahey','kris.marcos@example.org','7900000000'),
('13','Retha','Fisher','ycassin@example.org','7900000000'),
('14','Maxime','Dach','hilll.lexi@example.org','7900000000'),
('15','Emiliano','Beatty','zbergnaum@example.org','7900000000'),
('16','Tyreek','Skiles','runte.donald@example.org','7900000000'),
('17','Junior','Cruickshank','kiehn.wilbert@example.org','7900000000'),
('18','Dominique','Johnson','hhettinger@example.org','7900000000'),
('19','Lina','Wyman','pasquale11@example.org','7899999999'),
('20','Alysa','Hoppe','price.aletha@example.com','7900000000'),
('21','Hollis','Corwin','atillman@example.net','7900000000'),
('22','Suzanne','Kuhlman','mraz.terrill@example.com','7900000000'),
('23','Everett','Parisian','zcole@example.net','7900000000'),
('24','Berenice','D\'Amore','hulda60@example.com','7899999999'),
('25','Ezra','Leuschke','dorothy20@example.net','7900000000'),
('26','Providenci','Kemmer','estelle82@example.net','7900000000'),
('27','Chaz','Skiles','antonio.jenkins@example.com','7899999999'),
('28','Janae','Koepp','fritsch.leora@example.com','7900000000'),
('29','Mallie','Roob','serenity.kunde@example.net','7899999999'),
('30','Adriana','Klocko','henry56@example.com','7900000000'),
('31','Mathias','Sawayn','kim24@example.net','7899999999'),
('32','Heidi','Stamm','cassin.dustin@example.com','7899999999'),
('33','Cristina','Doyle','nwelch@example.org','7900000000'),
('34','Jose','Padberg','clovis25@example.com','7899999999'),
('35','Jamarcus','Carter','vladimir.bartell@example.net','7900000000'),
('36','Rosalia','White','lew.bashirian@example.org','7900000000'),
('37','Zoey','Gaylord','retha55@example.net','7900000000'),
('38','Mertie','Powlowski','ubaldo15@example.org','7900000000'),
('39','Rico','Hansen','mandy.gorczany@example.org','7900000000'),
('40','Melyna','Gaylord','joel.sanford@example.net','7900000000'),
('41','Dameon','Feil','kstoltenberg@example.org','7900000000'),
('42','Theresia','Harber','elesch@example.org','7900000000'),
('43','Tyree','Wunsch','wilford21@example.org','7900000000'),
('44','Vivienne','Strosin','telly57@example.com','7900000000'),
('45','Kiley','Hilpert','warren.kiehn@example.org','7900000000'),
('46','Montana','Ziemann','schimmel.eva@example.org','7899999999'),
('47','Waylon','Koelpin','wmckenzie@example.net','7900000000'),
('48','Francisco','Wolf','ko\'hara@example.com','7900000000'),
('49','Bette','Champlin','furman.turcotte@example.com','7899999999'),
('50','Arely','Goodwin','laron.morar@example.com','7899999999'),
('51','Thurman','Block','mbashirian@example.org','7900000000'),
('52','Golda','Hand','okuneva.stefan@example.com','7899999999'),
('53','Esther','Johnston','olin.gorczany@example.net','7900000000'),
('54','Nicole','Braun','augustus31@example.org','7900000000'),
('55','Moshe','Prohaska','iswift@example.net','7899999999'),
('56','Austyn','Kuhic','melyna.tremblay@example.net','7899999999'),
('57','Sophia','McClure','louvenia.ankunding@example.org','7899999999'),
('58','Tre','Lowe','goodwin.yasmin@example.org','7900000000'),
('59','Arno','Borer','alexanne.gutkowski@example.com','7899999999'),
('60','Charlie','Brakus','virgie60@example.com','7899999999'),
('61','Melyssa','Johnson','nbeer@example.com','7900000000'),
('62','Riley','Bashirian','maverick.mosciski@example.com','7900000000'),
('63','Rhoda','Wintheiser','dfunk@example.com','7900000000'),
('64','Durward','Pacocha','dario.davis@example.net','7899999999'),
('65','Gina','O\'Reilly','laron.upton@example.org','7899999999'),
('66','Abel','Brekke','isabelle84@example.com','7899999999'),
('67','Kailyn','Friesen','kromaguera@example.net','7900000000'),
('68','Caleigh','Johnson','dach.eduardo@example.org','7900000000'),
('69','Sadye','Lynch','heathcote.amelia@example.com','7899999999'),
('70','German','Larkin','fadams@example.com','7899999999'),
('71','Major','Lebsack','schaden.reagan@example.net','7899999999'),
('72','Myah','Padberg','lonzo.welch@example.com','7899999999'),
('73','Christ','Metz','jmueller@example.com','7899999999'),
('74','Jessyca','Davis','friesen.rozella@example.net','7900000000'),
('75','Vern','Nikolaus','schoen.alisha@example.net','7900000000'),
('76','Shyann','Hermann','nbode@example.net','7900000000'),
('77','Kurtis','Schimmel','lavern.cremin@example.com','7899999999'),
('78','Ashleigh','Hamill','obins@example.com','7900000000'),
('79','Alf','Parker','nader.katelynn@example.com','7900000000'),
('80','Ebony','Dickinson','vrau@example.com','7900000000'),
('81','Yadira','Funk','davis.michelle@example.com','7900000000'),
('82','Antonetta','Satterfield','velda74@example.net','7899999999'),
('83','Katlyn','Stehr','lkilback@example.net','7899999999'),
('84','Cordie','Kuvalis','wilford.corwin@example.org','7899999999'),
('85','Hailey','Cruickshank','lueilwitz.dora@example.net','7899999999'),
('86','Walton','Thiel','fisher.dimitri@example.net','7899999999'),
('87','Lura','Rodriguez','kertzmann.taya@example.org','7900000000'),
('88','Ali','McLaughlin','carroll.maria@example.com','7899999999'),
('89','Hollis','Donnelly','javonte.feeney@example.net','7899999999'),
('90','Arnold','Hackett','schmidt.lyda@example.org','7899999999'),
('91','Elmira','Hoeger','dayne.o\'conner@example.net','7899999999'),
('92','Filomena','Kertzmann','amy.nicolas@example.org','7900000000'),
('93','Stephon','Gerlach','xquitzon@example.net','7900000000'),
('94','Ronaldo','Lehner','rau.hyman@example.net','7900000000'),
('95','Regan','Borer','brennon.prohaska@example.net','7899999999'),
('96','Jayme','Upton','glover.keanu@example.net','7899999999'),
('97','Norval','Sanford','botsford.roxane@example.org','7900000000'),
('98','Dasia','Ferry','brakus.juwan@example.com','7899999999'),
('99','Celia','Waters','johnathan.hagenes@example.net','7899999999'),
('100','Noe','Osinski','devan.bechtelar@example.com','7899999999'); 


DROP TABLE IF EXISTS `users_communities`;
CREATE TABLE `users_communities` (
  `user_id` bigint(20) unsigned NOT NULL,
  `community_id` bigint(20) unsigned NOT NULL,
  PRIMARY KEY (`user_id`,`community_id`),
  KEY `community_id` (`community_id`),
  CONSTRAINT `users_communities_ibfk_1` FOREIGN KEY (`user_id`) REFERENCES `users` (`id`),
  CONSTRAINT `users_communities_ibfk_2` FOREIGN KEY (`community_id`) REFERENCES `communities` (`id`)
) ENGINE=InnoDB DEFAULT CHARSET=utf8 COLLATE=utf8_unicode_ci;

INSERT INTO `users_communities` VALUES ('1','1'),
('2','2'),
('3','3'),
('4','4'),
('5','5'),
('6','6'),
('7','7'),
('8','8'),
('9','9'),
('10','10'),
('11','11'),
('12','12'),
('13','13'),
('14','14'),
('15','15'),
('16','16'),
('17','17'),
('18','18'),
('19','19'),
('20','20'),
('21','21'),
('22','22'),
('23','23'),
('24','24'),
('25','25'),
('26','26'),
('27','27'),
('28','28'),
('29','29'),
('30','30'),
('31','31'),
('32','32'),
('33','33'),
('34','34'),
('35','35'),
('36','36'),
('37','37'),
('38','38'),
('39','39'),
('40','40'),
('41','41'),
('42','42'),
('43','43'),
('44','44'),
('45','45'),
('46','46'),
('47','47'),
('48','48'),
('49','49'),
('50','50'),
('51','51'),
('52','52'),
('53','53'),
('54','54'),
('55','55'),
('56','56'),
('57','57'),
('58','58'),
('59','59'),
('60','60'),
('61','61'),
('62','62'),
('63','63'),
('64','64'),
('65','65'),
('66','66'),
('67','67'),
('68','68'),
('69','69'),
('70','70'),
('71','71'),
('72','72'),
('73','73'),
('74','74'),
('75','75'),
('76','76'),
('77','77'),
('78','78'),
('79','79'),
('80','80'),
('81','81'),
('82','82'),
('83','83'),
('84','84'),
('85','85'),
('86','86'),
('87','87'),
('88','88'),
('89','89'),
('90','90'),
('91','91'),
('92','92'),
('93','93'),
('94','94'),
('95','95'),
('96','96'),
('97','97'),
('98','98'),
('99','99'),
('100','100'); 




/*!40101 SET SQL_MODE=@OLD_SQL_MODE */;
/*!40014 SET FOREIGN_KEY_CHECKS=@OLD_FOREIGN_KEY_CHECKS */;
/*!40014 SET UNIQUE_CHECKS=@OLD_UNIQUE_CHECKS */;
/*!40101 SET CHARACTER_SET_CLIENT=@OLD_CHARACTER_SET_CLIENT */;
/*!40101 SET CHARACTER_SET_RESULTS=@OLD_CHARACTER_SET_RESULTS */;
/*!40101 SET COLLATION_CONNECTION=@OLD_COLLATION_CONNECTION */;
/*!40111 SET SQL_NOTES=@OLD_SQL_NOTES */;

